,_id,PX,MAIN_STREET,MIDBLOCK_ROUTE,SIDE1_STREET,SIDE2_STREET,PRIVATE_ACCESS,ADDITIONAL_INFO,OBJECTID,GEO_ID,NODE_ID,MI_PRINX,geometry,Neighbourhood
0,1,7002,WILLIAM R ALLEN RD,150m NORTH OF,TRANSIT RD,,,,2989,442309,0,2989,MULTIPOINT (-79.45545999962326 43.74286999921512),33
311,312,7426,WILSON HEIGHTS BLVD,73m NORTH OF,GOODWILL AVE,,,,3300,9234274,0,3300,MULTIPOINT (-79.44986800383046 43.73677100419223),33
312,313,7427,WILSON HEIGHTS BLVD,69m SOUTH OF,GOODWILL AVE,,,,3301,7994200,0,3301,MULTIPOINT (-79.44847800113445 43.73608100026078),33
1,2,7003,ARROW RD,355m NORTH OF,LIDO RD,,,,2990,11267778,0,2990,MULTIPOINT (-79.52922000492852 43.74447000245013),22
3,4,7005,ARROW RD,50m SOUTH OF,DEERHIDE CRES,,,NORTH OF TTC BUS DEPOT,2992,11267778,0,2992,MULTIPOINT (-79.53036999591615 43.74764000084763),22
258,259,7338,ARROW RD,100m SOUTH OF,LIDO RD,,,,3247,10538255,13451938,3247,MULTIPOINT (-79.53085100252461 43.741813000387246),22
2,3,7004,BANBURY RD,,AMES CRCL,BARRYDALE CRES,,,2991,441245,0,2991,MULTIPOINT (-79.36529000190293 43.74974000085273),42
4,5,7006,AVENUE RD,,OTTER CRES,,,,2993,8344078,0,2993,MULTIPOINT (-79.41458000345766 43.71835999973983),103
23,24,7027,AVENUE RD,15m NORTH OF,BRIAR HILL AVE,,,SB AVENUE RD,3012,8322180,0,3012,MULTIPOINT (-79.41150999993663 43.71137999642521),103
144,145,7204,CHATSWORTH DR,,DUPLEX AVE,,,,3133,30111184,0,3133,MULTIPOINT (-79.40462000254117 43.721979995593465),103
167,168,7234,DUPLEX AVE,,GLENCAIRN AVE,,,,3156,11395007,0,3156,MULTIPOINT (-79.40350999659455 43.71782000001862),103
183,184,7253,GLENCAIRN AVE,,MONA DR,,,,3172,1138086,0,3172,MULTIPOINT (-79.41725000115139 43.71502999591941),103
184,185,7254,GLENCAIRN AVE,,ROSEWELL AVE,,,,3173,8322640,0,3173,MULTIPOINT (-79.40905999591968 43.716679995740456),103
238,239,7315,STRATHGOWAN AVE,,ST HILDA'S AVE,,,,3227,1137973,0,3227,MULTIPOINT (-79.39937999635582 43.71908999934386),103
292,293,7391,AVENUE RD,,GLENCAIRN AVE,,,,3281,30101650,0,3281,MULTIPOINT (-79.41227000304487 43.71602000305741),103
5,6,7007,AVENUE RD,,WILLOWBANK BLVD,,,,2994,11395093,0,2994,MULTIPOINT (-79.40970999703174 43.7061300031103),100
83,84,7113,AVENUE RD,40m SOUTH OF,CASTLEFIELD AVE,,,,3072,1138254,0,3072,MULTIPOINT (-79.41063000279986 43.70912000297911),100
84,85,7114,AVENUE RD,20m NORTH OF,KELWAY BLVD,,,SOUTHBOUND,3073,1138284,0,3073,MULTIPOINT (-79.41018000572632 43.70792999756117),100
85,86,7117,AVENUE RD,15m NORTH OF,KELWAY BLVD,,,NORTHBOUND,3074,1138284,0,3074,MULTIPOINT (-79.4101600010798 43.70788999819934),100
106,107,7154,AVENUE RD,45m SOUTH OF,ELWOOD BLVD,,,,3095,11395093,0,3095,MULTIPOINT (-79.40981999741496 43.706549999300314),100
108,109,7156,AVENUE RD,,CASTLEFIELD AVE,,,,3097,1138254,0,3097,MULTIPOINT (-79.41070999495984 43.70935000287807),100
166,167,7233,DUPLEX AVE,30m SOUTH OF,EGLINTON AVE W,,,POLICE DIVISION 53,3155,1138382,0,3155,MULTIPOINT (-79.40015999429103 43.706039996035884),100
168,169,7236,DUPLEX AVE,,ROSELAWN AVE,,,,3157,8237829,0,3157,MULTIPOINT (-79.40110999462975 43.71054999862937),100
225,226,7299,ROSELAWN AVE,,ORIOLE PKWY,,,,3214,8570888,0,3214,MULTIPOINT (-79.40768999743848 43.7091599994804),100
6,7,7009,BELLAMY RD N,,PORCHESTER DR,,,,2995,110571,0,2995,MULTIPOINT (-79.22932000300331 43.742369999688464),138
7,8,7010,BELLAMY RD N,,TRUDELLE ST,CEDAR BRAE BLVD,,,2996,110712,0,2996,MULTIPOINT (-79.23258999819694 43.741620001800634),138
44,45,7060,GILDER DR,180m NORTH OF,EGLINTON AVE E,,,,3033,9086394,0,3033,MULTIPOINT (-79.25401000377379 43.73706999847847),138
70,71,7096,MCCOWAN RD,,TRUDELLE ST,,,,3059,110812,0,3059,MULTIPOINT (-79.23927999962193 43.740610003413686),138
8,9,7011,BERGAMOT AVE,320m WEST OF,ISLINGTON AVE,,,,2997,30127832,0,2997,MULTIPOINT (-79.55906000299215 43.71556999567386),4
41,42,7056,ELMHURST DR,,MEATH RD,,,,3030,907472,0,3030,MULTIPOINT (-79.56789000501752 43.72784999585456),4
260,261,7340,BERGAMOT AVE,250m NORTH OF,REXDALE BLVD,,,,3249,30133580,0,3249,MULTIPOINT (-79.55903999551361 43.715579997406195),4
9,10,7012,BOROUGH DR,,TOWN CENTRE CRT,,,,2998,107848,0,2998,MULTIPOINT (-79.25362999581564 43.77447000144473),156
10,11,7013,BOROUGH DR,,TRITON RD,,,,2999,107749,0,2999,MULTIPOINT (-79.26115999576653 43.77372000399411),156
262,263,7342,BOROUGH DR,,BOROUGH APPROACH E,,,,3251,12697720,0,3251,MULTIPOINT (-79.25642000113265 43.77218000073501),156
11,12,7014,THE BRIDLE PATH,,POST RD,,,,3000,4304222,0,3000,MULTIPOINT (-79.37255999950361 43.7381999985297),41
102,103,7142,YONGE ST,,IVOR RD,,,,3091,20141049,0,3091,MULTIPOINT (-79.40512999544177 43.737040000320064),41
12,13,7015,BRIMLEY RD,250m SOUTH OF,FINCH AVE E,,,,3001,104874,0,3001,MULTIPOINT (-79.27571100002304 43.80382999671177),129
86,87,7119,SANDHURST CRCL,,BRIMWOOD BLVD,,,,3075,30091375,0,3075,MULTIPOINT (-79.27095000049717 43.811000001566),129
13,14,7017,BRIMORTON DR,,HISCOCK BLVD,,,,3002,108090,0,3002,MULTIPOINT (-79.21975000213622 43.76989999903698),141
14,15,7018,BRIMORTON DR,,PAINTED POST DR,,,,3003,107776,0,3003,MULTIPOINT (-79.22192000378983 43.77288000436347),141
27,28,7031,CONFEDERATION DR,,GREENCREST CRCT,,,,3016,109309,0,3016,MULTIPOINT (-79.22298999809281 43.75802999840346),141
15,16,7019,BRIMORTON DR,170m WEST OF,AMBERJACK BLVD,,,,3004,108262,0,3004,MULTIPOINT (-79.23727999860223 43.76956999790924),142
71,72,7097,MILITARY TRL,275m NORTH OF,ELLESMERE RD,,,,3060,30038153,0,3060,MULTIPOINT (-79.21779999586666 43.78268000389891),142
16,17,7020,BROADLANDS BLVD,30m WEST OF,MEWATA GT,,,,3005,441647,0,3005,MULTIPOINT (-79.31895999958263 43.745019998665775),149
17,18,7021,BROADVIEW AVE,30m NORTH OF,GAMBLE AVE,,,,3006,1673,0,3006,MULTIPOINT (-79.35485999572208 43.68963999737869),57
18,19,7022,BROADVIEW AVE,,O CONNOR DR,,,,3007,1495,0,3007,MULTIPOINT (-79.35581000242676 43.69209000224026),57
19,20,7023,BROADVIEW AVE,,WOODVILLE AVE,,,,3008,1604,0,3008,MULTIPOINT (-79.35551999961564 43.691220002974404),57
81,82,7111,O CONNOR DR,55m EAST OF,BEECHWOOD CRES,,,,3070,1462,0,3070,MULTIPOINT (-79.35427000246744 43.69248000161869),57
20,21,7024,BROOKBANKS DR,,VALLEY WOODS RD,,,,3009,440866,0,3009,MULTIPOINT (-79.33182999699966 43.752260001988205),150
21,22,7025,BURNHAMTHORPE RD,,HOLLOWAY RD,BURNHAMTHORPE PARK BLVD,,,3010,10774894,0,3010,MULTIPOINT (-79.53401999758592 43.65043999929775),158
22,23,7026,BURNHAMTHORPE RD,65m NORTH OF,DUNDAS ST W,,,,3011,20029650,0,3011,MULTIPOINT (-79.52946999785365 43.649040002749686),158
317,318,7552,MARTIN GROVE RD,40m SOUTH OF,SARALOU CRT,,,,3306,910884,0,3306,MULTIPOINT (-79.55290999940709 43.6555900003976),158
318,319,7553,MARTIN GROVE RD,,DONALBERT RD,,,,3307,911023,0,3307,MULTIPOINT (-79.55129999621039 43.65414999551817),158
24,25,7028,CHISHOLM AVE,,LUMSDEN AVE,,,,3013,10334906,0,3013,MULTIPOINT (-79.3058599940938 43.69462000141182),60
28,29,7033,COSBURN AVE,40m WEST OF,WESTLAKE CRES,,,IN TANDEM WITH PX7399,3017,1013,0,3017,MULTIPOINT (-79.31060000349697 43.69731000402804),60
101,102,7141,WOODBINE AVE,,SAMMON AVE,,,,3090,1583,0,3090,MULTIPOINT (-79.31510000343089 43.691110001230385),60
299,300,7399,WESTLAKE AVE,43m NORTH OF,HAMSTEAD AVE,,,IN TANDEM WITH PX7033,3288,8322271,0,3288,MULTIPOINT (-79.30932000033395 43.69692000159631),60
313,314,7428,LUMSDEN AVE,,OAK PARK AVE,,,,3302,1258,13458996,3302,MULTIPOINT (-79.31037200302205 43.69392399876709),60
315,316,7549,LUMSDEN AVE,,CEDARVALE AVE,,,,3304,1345,13459151,3304,MULTIPOINT (-79.31400900589796 43.6931720027344),60
25,26,7029,GERRARD ST E,,CLONMORE DR,,,,3014,113137,0,3014,MULTIPOINT (-79.27812999736979 43.68875999875712),122
43,44,7059,FALLINGBROOK RD,,QUEEN ST E,,,,3032,113266,0,3032,MULTIPOINT (-79.27640000484561 43.675390000553094),122
88,89,7121,MCINTOSH ST,,SHARPE ST,CRAIGLEE DR,,,3077,30133479,0,3077,MULTIPOINT (-79.25259000364605 43.70675999600236),122
107,108,7155,BIRCHMOUNT RD,,HIGHVIEW AVE,,,,3096,112783,0,3096,MULTIPOINT (-79.26517700021684 43.69991300327988),122
321,322,7560,BLANTYRE AVE,,PARKLAND RD,,,BLANTYRE PUBLIC SCHOOL,3310,113172,13460539,3310,MULTIPOINT (-79.28300700586665 43.68515000100124),122
331,332,7578,FALLINGBROOK RD,,FALLINGBROOK DR,,,COURCELETTE PUBLIC SCHOOL,3320,113244,13461588,3320,MULTIPOINT (-79.27803000321914 43.67937499920229),122
26,27,7030,COMSTOCK RD,,MANVILLE RD,,,,3015,111778,0,3015,MULTIPOINT (-79.2816900008321 43.722289998970595),120
29,30,7034,CUMMER AVE,,CRAIGMONT DR,,,,3018,9446171,0,3018,MULTIPOINT (-79.37908000509528 43.79729000173897),49
30,31,7035,CULFORD RD,,MAPLE LEAF DR,,,,3019,9530389,0,3019,MULTIPOINT (-79.49012999731426 43.7123800005387),29
31,32,7036,CULFORD RD,,QUEENS DR,,,,3020,446095,0,3020,MULTIPOINT (-79.48968000303326 43.71076000321209),29
61,62,7081,KEELE ST,,NORTH PARK DR,,,,3050,30006683,0,3050,MULTIPOINT (-79.478610002674 43.711330003064226),29
62,63,7082,KEELE ST,120m NORTH OF,GRACEFIELD AVE,,,,3051,9602626,0,3051,MULTIPOINT (-79.47907999678307 43.71332999974016),29
32,33,7038,DALEMOUNT AVE,,VIEWMOUNT AVE,,,,3021,446151,0,3021,MULTIPOINT (-79.43194999964393 43.70959000392909),32
48,49,7064,FLEMINGTON RD,,REPLIN RD,,,,3037,445014,0,3037,MULTIPOINT (-79.44388000140087 43.71950000264767),32
53,54,7073,GLENCAIRN AVE,,ENGLEMOUNT AVE,,,,3042,446031,0,3042,MULTIPOINT (-79.43567000548998 43.71074999996128),32
55,56,7075,GLENCAIRN AVE,,SHERMOUNT AVE,,,,3044,446093,0,3044,MULTIPOINT (-79.43863000305488 43.7101099992454),32
320,321,7558,GLENCAIRN AVE,,DALEMOUNT AVE,,,,3309,2893687,13456419,3309,MULTIPOINT (-79.43272899495132 43.71136600076416),32
33,34,7040,SOUTHWOOD DR,,GLEN AMES,,,,3022,1140883,0,3022,MULTIPOINT (-79.29680999803658 43.67597999976077),63
203,204,7275,LEE AVE,,NORWAY AVE,,,,3192,10411355,0,3192,MULTIPOINT (-79.29976000619652 43.674790001254365),63
204,205,7276,LEE AVE,,WILLIAMSON RD,,,,3193,10986157,0,3193,MULTIPOINT (-79.29925000400891 43.673540002416274),63
245,246,7323,VICTORIA PARK AVE,,BRACKEN AVE,,,,3234,113259,0,3234,MULTIPOINT (-79.28318999666394 43.67872000257143),63
248,249,7326,WAVERLEY RD,,NORWAY AVE,,,,3237,7667174,0,3237,MULTIPOINT (-79.3026499951608 43.67415000152348),63
337,338,7584,LAKE SHORE BLVD E,80m SOUTH OF,WOODBINE AVE,,,,3326,30043655,0,3326,MULTIPOINT (-79.30522800221854 43.66540800368417),63
34,35,7042,DON MILLS RD,90m NORTH OF,O CONNOR DR,,,,3023,1114,0,3023,MULTIPOINT (-79.33997000300396 43.696370001478364),58
58,59,7078,GREENWOOD AVE,,PLAINS RD,,,,3047,7794782,0,3047,MULTIPOINT (-79.33848000160884 43.69387000309413),58
35,36,7043,DON RIDGE DR,,OLD YONGE ST,,,SB OLD YONGE ST,3024,441483,0,3024,MULTIPOINT (-79.4028530022935 43.748352002618866),40
79,80,7109,OLD YONGE ST,,YORK RIDGE RD,,,,3068,441504,0,3068,MULTIPOINT (-79.4025119985587 43.74751199872552),40
103,104,7145,YORK MILLS RD,,OLD YONGE ST,,,,3092,441810,0,3092,MULTIPOINT (-79.39964000559704 43.744829997089155),40
36,37,7045,DUFFERIN ST,,REGAL RD,,,IN TANDEM WITH PX7046,3025,14013482,0,3025,MULTIPOINT (-79.44136000099095 43.673899995552006),92
128,129,7185,ASCOT AVE,,BOON AVE,,,,3117,10923771,0,3117,MULTIPOINT (-79.4471099988575 43.67946999971782),92
140,141,7200,CALEDONIA RD,75m NORTH OF,INNES AVE,,,,3129,14015356,0,3129,MULTIPOINT (-79.45746000269816 43.68170000273879),92
141,142,7201,CALEDONIA RD,95m SOUTH OF,INNES AVE,,,,3130,14015397,0,3130,MULTIPOINT (-79.45681000239047 43.68025999901084),92
155,156,7222,DAVENPORT RD,,WESTMORELAND AVE N,,,,3144,14003943,0,3144,MULTIPOINT (-79.43597000423931 43.67414999567958),92
156,157,7223,DAVENPORT RD,50m WEST OF,SALEM AVE,,,,3145,14003943,0,3145,MULTIPOINT (-79.43775999731939 43.673879999456325),92
202,203,7274,LANSDOWNE AVE,135m NORTH OF,DAVENPORT RD,,,,3191,14013345,0,3191,MULTIPOINT (-79.4489719954693 43.672586996137085),92
220,221,7294,REGAL RD,,WESTMOUNT AVE,,,,3209,9270480,0,3209,MULTIPOINT (-79.44032000098704 43.674269996803076),92
37,38,7046,DUFFERIN ST,35m NORTH OF,CHANDOS AVE,,,IN TANDEM WITH PX7045,3026,10364636,0,3026,MULTIPOINT (-79.4403999964218 43.6716699967055),171
122,123,7175,LANSDOWNE AVE,97m NORTH OF,DUPONT ST,,,CP RAIL OVERPASS,3111,1142725,0,3111,MULTIPOINT (-79.44679000592961 43.667590002112625),171
169,170,7237,DUPONT ST,200m EAST OF,EMERSON AVE,,,,3158,14600817,0,3158,MULTIPOINT (-79.4420399951483 43.66810000329164),171
215,216,7289,PERTH AVE,,BLOOR ST W,,,,3204,1144399,0,3204,MULTIPOINT (-79.44885000004957 43.65707000258891),171
239,240,7317,SYMINGTON AVE,,ANTLER ST,,,,3228,1143729,0,3228,MULTIPOINT (-79.4504999960521 43.663959998480415),171
241,242,7319,SYMINGTON AVE,,WALLACE AVE,,,,3230,1143965,0,3230,MULTIPOINT (-79.44937000181494 43.66131000364028),171
335,336,7582,DUPONT ST,70m EAST OF,CAMPBELL AVE,,,,3324,8292854,0,3324,MULTIPOINT (-79.44943899674863 43.66610199658286),171
38,39,7053,ELDER AVE,,THIRTIETH ST,,,,3027,14302118,0,3027,MULTIPOINT (-79.53080000151358 43.597769995939),19
66,67,7090,LONG BRANCH AVE,,MARINA AVE,,,,3055,3162435,0,3055,MULTIPOINT (-79.53352000203063 43.59335999756537),19
39,40,7054,ELLERSLIE AVE,,SENLAC RD,,,,3028,439174,0,3028,MULTIPOINT (-79.42664999503691 43.7686299989234),37
324,325,7568,BEECROFT RD,80m SOUTH OF,CHURCHILL AVE,,,,3313,30034695,0,3313,MULTIPOINT (-79.41623000537788 43.77267700015469),37
325,326,7569,BEECROFT RD,150m SOUTH OF,CHURCHILL AVE,,,,3314,30034695,0,3314,MULTIPOINT (-79.41672100611021 43.77219900090026),37
40,41,7055,ELLESMERE RD,240m EAST OF,WARDEN AVE,,,,3029,30101335,0,3029,MULTIPOINT (-79.2979199996752 43.76192000048702),119
42,43,7058,FAIRSIDE AVE,,BARKER AVE,,,,3031,1558,0,3031,MULTIPOINT (-79.32606000216154 43.69216000372063),59
57,58,7077,GREENWOOD AVE,,MEMORIAL PARK AVE,,,,3046,1687,0,3046,MULTIPOINT (-79.3362000008735 43.69044000220947),59
73,74,7099,MORTIMER AVE,,KNIGHT ST,,,,3062,1522,0,3062,MULTIPOINT (-79.32389999458107 43.691180002065224),59
87,88,7120,SAMMON AVE,,WOODMOUNT AVE,,,,3076,1611,0,3076,MULTIPOINT (-79.31750000506464 43.69058000036259),59
270,271,7358,MORTIMER AVE,,BINSWOOD AVE,,,,3259,1590,0,3259,MULTIPOINT (-79.32245999905274 43.691110003827845),59
297,298,7397,MORTIMER AVE,,WOODYCREST AVE,,,,3286,1844,0,3286,MULTIPOINT (-79.34436999965807 43.68662999692722),59
45,46,7061,FINCH AVE E,,BEARE RD,,,,3034,6943002,0,3034,MULTIPOINT (-79.1692700035175 43.82961000229007),144
47,48,7063,OLD FINCH AVE,115m WEST OF,REESOR RD,,,,3036,103024,0,3036,MULTIPOINT (-79.19021999847378 43.82483000082885),144
272,273,7361,STEELES AVE E,,REESOR RD,,,EAST INTERSECTION,3261,14304277,0,3261,MULTIPOINT (-79.19932300374029 43.84850399863575),144
46,47,7062,GLADSTONE AVE,,PEEL AVE,,,,3035,30084062,0,3035,MULTIPOINT (-79.42773999443756 43.64410999744242),84
165,166,7232,DUFFERIN ST,20m SOUTH OF,ALMA AVE,,,,3154,14018694,0,3154,MULTIPOINT (-79.42945999604494 43.64443999980945),84
201,202,7273,LANSDOWNE AVE,150m NORTH OF,RIDEAU AVE,,,,3190,14017767,0,3190,MULTIPOINT (-79.43916600229159 43.648021001176076),84
49,50,7067,F G GARDINER XY E,230m EAST OF,JARVIS ST,,,P549,3038,1146181,0,3038,MULTIPOINT (-79.36714999413513 43.64636000053102),166
50,51,7068,F G GARDINER XY W,142m  WEST OF,JARVIS ST,,,P522,3039,1146268,0,3039,MULTIPOINT (-79.37163999392028 43.64549999990963),166
218,219,7292,QUEENS QUAY E,,PARLIAMENT ST,SMALL ST,,,3207,8393266,0,3207,MULTIPOINT (-79.3618099948669 43.646509996763804),166
242,243,7320,THE ESPLANADE,,BERKELEY ST,HAHN PL,,,3231,14036508,0,3231,MULTIPOINT (-79.36348999483877 43.65011000422106),166
243,244,7321,THE ESPLANADE,40m WEST OF,BERKELEY ST,,,MARKET LANE JR & SR PS,3232,30126336,0,3232,MULTIPOINT (-79.36386999931277 43.64984000248913),166
244,245,7322,THE ESPLANADE,35m EAST OF,PRINCESS ST,,,,3233,1145570,0,3233,MULTIPOINT (-79.3656699956054 43.649430004478674),166
51,52,7070,GARY DR,,PELMO CRES,,,,3040,10154407,0,3040,MULTIPOINT (-79.51329999392264 43.71229000032024),23
52,53,7071,GARY DR,,WENDELL AVE,,,,3041,446330,0,3041,MULTIPOINT (-79.52412999940591 43.70990000242897),23
82,83,7112,PELLATT AVE,,WENDELL AVE,,,,3071,446156,0,3071,MULTIPOINT (-79.5256000048495 43.7133300015351),23
54,55,7074,GLENCAIRN AVE,,LANSDOWNE AVE,,,,3043,446462,0,3043,MULTIPOINT (-79.46082999871507 43.70553999715676),31
56,57,7076,GLEN RUSH BLVD,,SHELBOURNE AVE,,,,3045,445310,0,3045,MULTIPOINT (-79.42534999615384 43.7167999993316),39
105,106,7150,BATHURST ST,65m SOUTH OF,HIGHWAY 401 C E,,,,3094,443136,0,3094,MULTIPOINT (-79.43344999690683 43.735140000215445),39
59,60,7079,GRENOBLE DR,,SPANBRIDGE RD,,,,3048,445533,0,3048,MULTIPOINT (-79.32690999776806 43.71302999820526),44
65,66,7089,LINKWOOD LANE,,ST DENNIS DR,,,,3054,444822,0,3054,MULTIPOINT (-79.32774999758614 43.71937999654075),44
60,61,7080,JARVIS ST,,CARLTON ST,,,JARVIS ST LANE CONTROL,3049,30055876,0,3049,MULTIPOINT (-79.37645899700034 43.6618589982595),73
200,201,7272,KING ST E,,FREDERICK ST,,,,3189,8351611,0,3189,MULTIPOINT (-79.36946999817926 43.65100999576074),73
63,64,7083,KEELE ST,,YORE RD,,,,3052,9038410,0,3052,MULTIPOINT (-79.4742200008818 43.69189000437244),112
278,279,7373,LONBOROUGH AVE,,RICHARDSON AVE,,,,3267,7918,0,3267,MULTIPOINT (-79.4725649991711 43.69314300441227),112
285,286,7382,GREENBROOK DR,60m WEST OF,KEELE ST,,,,3274,9066185,0,3274,MULTIPOINT (-79.47622000474115 43.6970899979923),112
286,287,7383,GREENBROOK DR,105m NORTH OF,TRETHEWEY DR,,,,3275,7911,0,3275,MULTIPOINT (-79.4834200014714 43.6943799996524),112
64,65,7086,LAKE SHORE BLVD E,507m EAST OF,LESLIE ST,,,,3053,30002752,0,3053,MULTIPOINT (-79.32246000190769 43.660569995718504),70
104,105,7149,DON VALLEY PARKWAY S,250m NORTH OF,LAKE SHORE BLVD E,,,@ LAKE SHORE EXIT,3093,2917728,0,3093,MULTIPOINT (-79.34869000528373 43.65298999899769),70
170,171,7239,EASTERN AVE,40m WEST OF,MARIGOLD AVE,,,,3159,14024399,0,3159,MULTIPOINT (-79.33057000430223 43.66056999883784),70
171,172,7240,EASTERN AVE,,RUSHBROOKE AVE,,,,3160,8824608,0,3160,MULTIPOINT (-79.33157999465567 43.66002999750156),70
199,200,7271,JONES AVE,40m SOUTH OF,MYRTLE AVE,,,IN TANDEM WITH PX7270,3188,14025067,0,3188,MULTIPOINT (-79.33644000328391 43.67122999909358),70
307,308,7412,LAKE SHORE BLVD E,30m EAST OF,WINNERS CRCL,,,,3296,30021323,0,3296,MULTIPOINT (-79.30832000451515 43.663699996824924),70
67,68,7092,MAPLE LEAF DR,,VENICE DR,LISCOMBE RD,,,3056,446176,0,3056,MULTIPOINT (-79.49819000078472 43.710740003873894),28
261,262,7341,BLACK CREEK DR,280m NORTH OF,LAWRENCE AVE W,,,,3250,446523,0,3250,MULTIPOINT (-79.49661999784264 43.70686999866461),28
293,294,7392,GRACEFIELD AVE,100m EAST OF,ARKWRIGHT ST,,,IN FRONT #215 GRACEFIELD AVE,3282,446252,0,3282,MULTIPOINT (-79.49467000366766 43.70908999766553),28
305,306,7409,GRACEFIELD AVE,155m WEST OF,BLUEBELL GT,,,IN FRONT OF #194 GRACEFIELD AVE,3294,10035736,0,3294,MULTIPOINT (-79.49344699949256 43.709052002749274),28
68,69,7093,GERRARD ST E,60m EAST OF,BEATON AVE,,,IN TANDEM WITH PX7125,3057,30095737,0,3057,MULTIPOINT (-79.31637999628131 43.67661999760077),64
90,91,7125,GERRARD ST E,,WEMBLEY DR,,,,3079,10558220,0,3079,MULTIPOINT (-79.3179799946246 43.6759599964954),64
172,173,7241,EASTWOOD RD,50m SOUTH OF,BELLHAVEN RD,,,,3161,14048838,0,3161,MULTIPOINT (-79.31242000215244 43.67467000315574),64
173,174,7242,EASTWOOD RD,,NORMANDY BLVD,,,,3162,10560932,0,3162,MULTIPOINT (-79.31156000274451 43.67537999901881),64
69,70,7095,MARKLAND DR,,MILL RD,,,NORTH INTERSECTION,3058,912487,0,3058,MULTIPOINT (-79.58025000157248 43.63638000109153),12
329,330,7575,BLOOR ST W,85m WEST OF,MILL RD,,,MARKLAND WOODS MALL,3318,30072720,0,3318,MULTIPOINT (-79.5760440032339 43.631665996591416),12
330,331,7576,BLOOR ST W,150m EAST OF,FORESTVIEW RD,MAPLEDAWN RD,,,3319,912782,0,3319,MULTIPOINT (-79.57167900034928 43.63333799843907),12
349,350,7598,NEILSON DR,25m SOUTH OF,JEFF DR,,,,3338,30040102,0,3338,MULTIPOINT (-79.56549779018641 43.63034362294633),12
72,73,7098,MORNINGSIDE AVE,,GUILDWOOD PKWY,GREYABBEY TRL,,,3061,109613,0,3061,MULTIPOINT (-79.1797599942071 43.7532199960903),140
74,75,7101,MOUNT PLEASANT RD,,CARSTOWE RD,,,,3063,7944524,0,3063,MULTIPOINT (-79.38376999681994 43.68465999891757),98
75,76,7102,MOUNT PLEASANT RD,60m NORTH OF,ROXBOROUGH DR,,,,3064,7944521,0,3064,MULTIPOINT (-79.38270400585796 43.681267000819815),98
76,77,7103,MOUNT PLEASANT RD,50m SOUTH OF,ROXBOROUGH DR,,,,3065,1140373,0,3065,MULTIPOINT (-79.38213499707057 43.680354996656085),98
78,79,7105,MOUNT PLEASANT RD,,WHITEHALL RD,,,,3067,7944521,0,3067,MULTIPOINT (-79.38350999595107 43.68403000283365),98
147,148,7208,CHURCH ST,,ASQUITH AVE,,,,3136,1141900,0,3136,MULTIPOINT (-79.38360999985329 43.67206000074707),98
150,151,7212,INGLEWOOD DR,95m SOUTH OF,GLENROSE AVE,,,,3139,1139359,0,3139,MULTIPOINT (-79.38506000313828 43.688210004195355),98
226,227,7300,ROXBOROUGH DR,140m SOUTH OF,HIGHLAND AVE,,,,3215,1140049,0,3215,MULTIPOINT (-79.3780100020437 43.681120002118256),98
227,228,7301,ROXBOROUGH DR,300m EAST OF,MOUNT PLEASANT RD,,,,3216,14021624,0,3216,MULTIPOINT (-79.37843000471523 43.68085999660613),98
235,236,7311,ST CLAIR AVE E,,WELLAND AVE,,,,3224,1139192,0,3224,MULTIPOINT (-79.37959000571011 43.6911899957181),98
314,315,7532,YONGE ST,,BIRCH AVE,,,,3303,8681100,0,3303,MULTIPOINT (-79.39136000466576 43.68154999618223),98
343,344,7592,MOUNT PLEASANT RD,180m SOUTH OF,ELM AVE,,,,3332,30015320,0,3332,MULTIPOINT (-79.3796599967832 43.67280899757498),98
77,78,7104,MOUNT PLEASANT RD,,WANLESS AVE,,,,3066,10133814,0,3066,MULTIPOINT (-79.3972079990322 43.72753199996624),105
176,177,7245,ELM RD,,FAIRLAWN AVE,,,,3165,1137750,0,3165,MULTIPOINT (-79.4143599994454 43.72865999604362),105
197,198,7269,JEDBURGH RD,,WOBURN AVE,,,,3186,14036733,0,3186,MULTIPOINT (-79.40622000056005 43.727679997484714),105
209,210,7281,MOUNT PLEASANT RD,,TEDDINGTON PARK AVE,,,,3198,1137642,0,3198,MULTIPOINT (-79.39966000258714 43.733890003858065),105
210,211,7282,MOUNT PLEASANT RD,,ROSLIN AVE,,,,3199,1137698,0,3199,MULTIPOINT (-79.39832000040452 43.73036000391003),105
211,212,7283,MOUNT PLEASANT RD,,SNOWDON AVE,,,,3200,1137657,0,3200,MULTIPOINT (-79.3989799961836 43.732010002043914),105
328,329,7572,MOUNT PLEASANT RD,,RANLEIGH AVE,,,,3317,1137744,13453753,3317,MULTIPOINT (-79.3976931525899 43.72864016356379),105
80,81,7110,ORIOLE PKWY,35m NORTH OF,WALMSLEY BLVD,,,,3069,1139103,0,3069,MULTIPOINT (-79.40140000263669 43.6925100011569),97
163,164,7230,DELISLE AVE,,DEER PARK CRES,,,,3152,1139433,0,3152,MULTIPOINT (-79.39884999812799 43.68827999876463),97
181,182,7250,FOXBAR RD,65m SOUTH OF,ST CLAIR AVE W,,,,3170,30017341,0,3170,MULTIPOINT (-79.40047300402252 43.68613699812583),97
334,335,7581,AVENUE RD,30m SOUTH OF,BALMORAL AVE,,,,3323,1139828,0,3323,MULTIPOINT (-79.40035699822334 43.683974000284834),97
89,90,7122,SCARLETT RD,,CLAIRTON CRES,,,SOUTH INTERSECTION,3078,9158,0,3078,MULTIPOINT (-79.50580000098061 43.67538999892176),111
290,291,7387,ROCKCLIFFE BLVD,,WOOLNER AVE,TERRY DR,,,3279,30007274,13463242,3279,MULTIPOINT (-79.4876269949337 43.67276000071572),111
296,297,7395,CASTLETON AVE,,HENRIETTA ST,,,,3285,9544561,0,3285,MULTIPOINT (-79.48659600380388 43.67017999586283),111
91,92,7126,SLOANE AVE,,SWEENEY DR,,,,3080,442911,0,3080,MULTIPOINT (-79.31236999902917 43.735749998983465),43
92,93,7127,SLOANE AVE,,TINDER CRES,TROPHY DR,,NORTH INTERSECTION,3081,443854,0,3081,MULTIPOINT (-79.31066000353238 43.72789999659782),43
93,94,7128,SLOANE AVE,,WIGMORE DR,,,,3082,443332,0,3082,MULTIPOINT (-79.31032999727682 43.73241000328978),43
94,95,7129,SOUTHVALE DR,,ASTOR AVE,MALLORY CRES,,SOUTHVALE DR/MOORE AVE,3083,1035,0,3083,MULTIPOINT (-79.3670269980771 43.69777799620976),56
95,96,7130,SOUTHVALE DR,,HANNA RD,,,,3084,3244676,0,3084,MULTIPOINT (-79.36355600061638 43.70050700128368),56
96,97,7131,SOUTHVALE DR,,ROLPH RD,,,,3085,1006,0,3085,MULTIPOINT (-79.36560000451412 43.698920003467926),56
259,260,7339,BAYVIEW AVE,200m NORTH OF,NESBITT DR,,,,3248,30068859,0,3248,MULTIPOINT (-79.36843000522768 43.69531999998121),56
97,98,7132,SPADINA RD,,AUSTIN TER,,,,3086,10663924,0,3086,MULTIPOINT (-79.40874999724731 43.67887000050606),96
98,99,7133,SPADINA RD,,MACPHERSON AVE,,,,3087,1141094,0,3087,MULTIPOINT (-79.40748000486712 43.675890002447886),96
119,120,7172,HOWLAND AVE,85m NORTH OF,DUPONT ST,,,CP RAIL OVERPASS,3108,1141382,0,3108,MULTIPOINT (-79.41217000576475 43.674469999155384),96
152,153,7218,COTTINGHAM RD,,BOULTON DR,,,,3141,1140828,0,3141,MULTIPOINT (-79.40379999469852 43.67803999913511),96
153,154,7220,DAVENPORT RD,,HURON ST,,,,3142,1140984,0,3142,MULTIPOINT (-79.40582999748341 43.67799000393056),96
154,155,7221,MACPHERSON AVE,,POPLAR PLAINS RD,DAVENPORT RD,,,3143,1140924,0,3143,MULTIPOINT (-79.40299999509462 43.67684999694988),96
179,180,7248,FOREST HILL RD,,HEATH ST W,,,,3168,7245845,0,3168,MULTIPOINT (-79.40404000205933 43.68838999573937),96
180,181,7249,FOREST HILL RD,,LONSDALE RD,,,,3169,1139355,0,3169,MULTIPOINT (-79.40485000583524 43.69039999683208),96
194,195,7265,HILTON AVE,,NINA ST,,,,3183,1140371,0,3183,MULTIPOINT (-79.41583000013532 43.68005999700088),96
216,217,7290,POPLAR PLAINS RD,,CLARENDON AVE,,,,3205,2385854,0,3205,MULTIPOINT (-79.40251000397292 43.6829400042038),96
217,218,7291,POPLAR PLAINS RD,,COTTINGHAM RD,,,,3206,30136841,0,3206,MULTIPOINT (-79.40319000051804 43.67807999908424),96
230,231,7304,RUSSELL HILL RD,50m SOUTH OF,CLARENDON AVE,,,,3219,30136426,0,3219,MULTIPOINT (-79.40647000240185 43.68199000218655),96
231,232,7305,RUSSELL HILL RD,110m SOUTH OF,CLARENDON AVE,,,,3220,30136426,0,3220,MULTIPOINT (-79.40607000096824 43.681650000726734),96
246,247,7324,WALMER RD,,AUSTIN TER,,,,3235,7992354,0,3235,MULTIPOINT (-79.41084000186238 43.67814999624442),96
333,334,7580,AVENUE RD,30m NORTH OF,LYNWOOD AVE,,,,3322,1139581,0,3322,MULTIPOINT (-79.40127000127116 43.68605600244296),96
99,100,7139,BELLEHAVEN CRES,,HILL CRES,,,,3088,14177700,14177702,3088,MULTIPOINT (-79.21819800252646 43.72977500311028),139
100,101,7140,WINSTON PARK BLVD,,NORTHGATE DR,,,,3089,30138428,0,3089,MULTIPOINT (-79.46751000212409 43.729599997381584),155
109,110,7157,KEELE ST,135m NORTH OF,GLENLAKE AVE,,,,3098,9086573,0,3098,MULTIPOINT (-79.46202000026194 43.659500001193884),88
110,111,7158,KEELE ST,70m SOUTH OF,GLENLAKE AVE,,,,3099,9086573,0,3099,MULTIPOINT (-79.46128000203075 43.65778000036732),88
186,187,7256,GLENDONWYNNE RD,,NORMA CRES,,,,3175,1144925,0,3175,MULTIPOINT (-79.47507999553794 43.65418999771627),88
187,188,7257,GLENLAKE AVE,,INDIAN RD,,,,3176,9171018,0,3176,MULTIPOINT (-79.45735999487141 43.659159997321105),88
188,189,7258,GLENLAKE AVE,,MOUNTVIEW AVE,,,,3177,8004908,0,3177,MULTIPOINT (-79.46246999884919 43.658170002641974),88
192,193,7262,HIGH PARK AVE,,GLENLAKE AVE,,,,3181,7994458,0,3181,MULTIPOINT (-79.46682999875179 43.65723999926282),88
355,356,7604,KEELE ST,170m NORTH OF,BLOOR ST W,,,,3344,14064403,0,3344,MULTIPOINT (-79.46069248660217 43.65625274771124),88
356,357,7605,KEELE ST,245m NORTH OF,BLOOR ST W,,,,3345,14064403,0,3345,MULTIPOINT (-79.46093998575328 43.65684149392862),88
111,112,7159,MIDLAND AVE,,SALOME DR,WEYBRIGHT CRT,,,3100,107084,0,3100,MULTIPOINT (-79.27681999575971 43.78232000058865),128
302,303,7406,GLEN WATFORD DR,,RURAL AVE,PRIVATE ACCESS,,,3291,7009470,0,3291,MULTIPOINT (-79.27636000128406 43.787869999722275),128
112,113,7160,WASHBURN WAY,,BERNER TRL,MAMMOTH HALL TRL,,,3101,104915,0,3101,MULTIPOINT (-79.22620000536469 43.80092999865255),145
113,114,7164,BROCK AVE,70m SOUTH OF,FLORENCE ST,,,CN/CP RAIL OVERPASS (NB & SB),3102,1146459,0,3102,MULTIPOINT (-79.43368999896184 43.644869997773334),86
114,115,7166,CHRISTIE ST,90m NORTH OF,DUPONT ST,,,CP RAIL OVERPASS,3103,1141813,0,3103,MULTIPOINT (-79.42186999907217 43.672420003835825),94
123,124,7176,OSSINGTON AVE,100m NORTH OF,DUPONT ST,,,CP RAIL OVERPASS,3112,1142159,0,3112,MULTIPOINT (-79.42940000215421 43.670990000872166),94
157,158,7224,DAVENPORT RD,100m EAST OF,SHAW ST,,,,3146,8007458,0,3146,MULTIPOINT (-79.42702999775001 43.674819998716224),94
158,159,7225,DAVENPORT RD,,BRACONDALE HILL RD,,,,3147,8007913,0,3147,MULTIPOINT (-79.42884000416713 43.67475000234438),94
207,208,7279,MELITA AVE,,MELITA CRES,,,,3196,1141684,0,3196,MULTIPOINT (-79.42683000124025 43.67348999735623),94
115,116,7167,COLBORNE LODGE DR,60m SOUTH OF,THE QUEENSWAY,,,CN RAIL OVERPASS,3104,1147176,0,3104,MULTIPOINT (-79.45927999687203 43.6390599962249),87
118,119,7171,ELLIS AVE,65m SOUTH OF,THE QUEENSWAY,,,CN RAIL OVERPASS,3107,1147177,0,3107,MULTIPOINT (-79.46604000488246 43.63731999607984),87
125,126,7181,WINDERMERE AVE,110m NORTH OF,LAKE SHORE BLVD W,,,CN RAIL OVERPASS,3114,1147247,0,3114,MULTIPOINT (-79.46884999889109 43.63613000336454),87
162,163,7229,DURIE ST,,DEFOREST RD,,,,3151,2676219,0,3151,MULTIPOINT (-79.47726999709369 43.64846999999465),87
175,176,7244,ELLIS PARK RD,65m EAST OF,ELLIS AVE,,,,3164,9445985,0,3164,MULTIPOINT (-79.47180000599657 43.64614000206384),87
185,186,7255,GLENDALE AVE,,PARKDALE RD,,,,3174,8005255,0,3174,MULTIPOINT (-79.45128399831239 43.64140999942369),87
195,196,7266,HOWARD PARK AVE,,INDIAN RD,,,,3184,7979925,0,3184,MULTIPOINT (-79.45500000451062 43.65070999875681),87
208,209,7280,MORNINGSIDE AVE,,RAMBERT CRES,,,,3197,1146546,0,3197,MULTIPOINT (-79.47967999788355 43.64464000292745),87
222,223,7296,INDIAN GRV,,RIDOUT ST,,,,3211,14017298,13466452,3211,MULTIPOINT (-79.4577030049635 43.65271700170532),87
223,224,7297,RIVERSIDE DR,,RIVERSIDE TRL,,,,3212,9392857,0,3212,MULTIPOINT (-79.48542999476739 43.643939997646605),87
228,229,7302,RUNNYMEDE RD,,DEFOREST RD,,,,3217,1145876,0,3217,MULTIPOINT (-79.47537999785203 43.6487900031242),87
229,230,7303,RUNNYMEDE RD,,MORNINGSIDE AVE,,,,3218,7586942,0,3218,MULTIPOINT (-79.47416000233916 43.64588999779265),87
251,252,7329,WINDERMERE AVE,,DEFOREST RD,,,,3240,1146090,0,3240,MULTIPOINT (-79.4795400047184 43.64789000281112),87
252,253,7330,WINDERMERE AVE,55m SOUTH OF,MORNINGSIDE AVE,,,,3241,1146600,0,3241,MULTIPOINT (-79.47815999622743 43.64441999918391),87
255,256,7335,WINDERMERE AVE,60m SOUTH OF,ST OLAVES RD,,,ST OLAVES/BUDGELL TER,3244,7632649,0,3244,MULTIPOINT (-79.47560000479267 43.642269998715896),87
116,117,7168,DAVENPORT RD,72m NORTH OF,DUPONT ST,,,CP RAIL OVERPASS,3105,30074703,13462453,3105,MULTIPOINT (-79.40288300086836 43.6763539969334),95
130,131,7188,BEDFORD RD,,BERNARD AVE,,,,3119,1141670,0,3119,MULTIPOINT (-79.39941999714196 43.67338999950457),95
131,132,7189,BEDFORD RD,,LOWTHER AVE,,,,3120,30104383,0,3120,MULTIPOINT (-79.39830999423455 43.67034999854352),95
132,133,7190,BEDFORD RD,,PRINCE ARTHUR AVE,,,,3121,12562232,0,3121,MULTIPOINT (-79.39788000175925 43.669260004234125),95
213,214,7287,PALMERSTON AVE,,BARTON AVE,,,,3202,20038421,0,3202,MULTIPOINT (-79.41473999432608 43.667619998875),95
236,237,7312,ST GEORGE ST,,BERNARD AVE,,,,3225,1142167,0,3225,MULTIPOINT (-79.40210999841814 43.673000002990456),95
237,238,7313,ST GEORGE ST,,LOWTHER AVE,,,,3226,1142373,0,3226,MULTIPOINT (-79.40074999863494 43.6698300029701),95
247,248,7325,WALMER RD,60m SOUTH OF,LOWTHER AVE,,,,3236,30097262,0,3236,MULTIPOINT (-79.4059599998632 43.667949997022696),95
249,250,7327,WELLS ST,,HOWLAND AVE,,,,3238,2376915,0,3238,MULTIPOINT (-79.41059000061757 43.67067999924899),95
322,323,7563,BATHURST ST,45m SOUTH OF,BRIDGMAN AVE,,,CP RAIL UNDERPASS,3311,30068218,13462908,3311,MULTIPOINT (-79.414693005145 43.673910002235814),95
342,343,7591,DUPONT ST,,BEDFORD RD,,,,3331,14014562,13462444,3331,MULTIPOINT (-79.40054800271756 43.67637299838184),95
344,345,7593,ST GEORGE ST,,PRINCE ARTHUR AVE,,,,3333,1142373,13463756,3333,MULTIPOINT (-79.40032003746268 43.6687416019975),95
345,346,7594,SPADINA RD,60m SOUTH OF,MACPHERSON AVE,,,,3334,7986278,0,3334,MULTIPOINT (-79.40729799907108 43.67530800060976),95
117,118,7169,DOVERCOURT RD,65m NORTH OF,DUPONT ST,,,CP RAIL OVERPASS,3106,1142280,0,3106,MULTIPOINT (-79.43292000576086 43.670219995657405),172
124,125,7178,SHAW ST,100m NORTH OF,DUPONT ST,,,CP RAIL OVERPASS,3113,30068209,13463319,3113,MULTIPOINT (-79.42697300499033 43.671440999937076),172
190,191,7260,HALLAM ST,,BARTLETT AVE,,,,3179,8015801,0,3179,MULTIPOINT (-79.43538000130111 43.66640999645452),172
191,192,7261,HALLAM ST,,DELAWARE AVE,,,,3180,14011360,0,3180,MULTIPOINT (-79.4304999952768 43.66746000179543),172
232,233,7307,SHAW ST,,ESSEX ST,,,,3221,30121259,0,3221,MULTIPOINT (-79.42526000105471 43.667419997432035),172
339,340,7587,DOVERCOURT RD,60m SOUTH OF,GEARY AVE,,,,3328,1142280,0,3328,MULTIPOINT (-79.43295300052422 43.670144997932674),172
120,121,7173,JONES AVE,50m NORTH OF,MYRTLE AVE,,,CN RAIL OVERPASS,3109,1141640,0,3109,MULTIPOINT (-79.33675999866672 43.67201999880946),69
198,199,7270,JONES AVE,35m SOUTH OF,BOULTBEE AVE,,,IN TANDEM WITH PX7271,3187,1141641,0,3187,MULTIPOINT (-79.33694999822738 43.67244000176192),69
214,215,7288,PAPE AVE,,RIVERDALE AVE,,,,3203,8408011,0,3203,MULTIPOINT (-79.3416799978609 43.671259996849905),69
121,122,7174,KING ST W,45m EAST OF,ATLANTIC AVE,,,CN/CP RAIL OVERPASS,3110,7553457,0,3110,MULTIPOINT (-79.42068999560061 43.64031000246514),163
254,255,7333,MANITOBA DR,190m EAST OF,NOVA SCOTIA AVE,,,,3243,30060515,0,3243,MULTIPOINT (-79.41642999671663 43.635940002020966),163
126,127,7182,ADELAIDE ST W,,STRACHAN AVE,,,,3115,1146721,0,3115,MULTIPOINT (-79.41240999644572 43.643349996241575),162
221,222,7295,RICHMOND ST W,,TECUMSETH ST,PALMERSTON AVE,,,3210,14671591,0,3210,MULTIPOINT (-79.40631999752391 43.64595000222669),162
300,301,7400,KING ST W,110m WEST OF,SUDBURY ST,,,IN TANDEM WITH PX7174,3289,14184241,0,3289,MULTIPOINT (-79.41859000211088 43.640729997710814),162
301,302,7405,KING ST W,90m WEST OF,SUDBURY ST,,,,3290,3120558,0,3290,MULTIPOINT (-79.4184200061085 43.640769995656385),162
127,128,7184,ANNETTE ST,45m EAST OF,KEELE ST,,,,3116,14014152,0,3116,MULTIPOINT (-79.46323999561656 43.66355999698001),90
193,194,7263,HIGH PARK AVE,,HUMBERSIDE AVE,,,,3182,1144424,0,3182,MULTIPOINT (-79.46821999483443 43.660509998714716),90
129,130,7187,NORTH BEATRICE ST,,BEATRICE ST,,,60m EAST OF MONTROSE AVE,3118,14020214,0,3118,MULTIPOINT (-79.41826999691568 43.658119996422855),80
308,309,7413,DELAWARE AVE,,HEPBOURNE ST,,,,3297,30078742,0,3297,MULTIPOINT (-79.42720000498919 43.659250003523994),80
133,134,7192,BOND ST,40m SOUTH OF,DUNDAS ST E,,,,3122,1144656,0,3122,MULTIPOINT (-79.37816000464517 43.65596000000249),168
134,135,7193,BOND ST,35m NORTH OF,SHUTER ST,,,,3123,1144656,0,3123,MULTIPOINT (-79.37771999960992 43.6548899985001),168
148,149,7209,CHURCH ST,,LOMBARD ST,,,,3137,8708516,0,3137,MULTIPOINT (-79.37519999929744 43.65185000173503),168
135,136,7195,BROADVIEW AVE,35m SOUTH OF,WITHROW AVE,,,,3124,1142238,0,3124,MULTIPOINT (-79.35299299827508 43.66943300156288),68
136,137,7196,BROADVIEW AVE,,VICTOR AVE,,,,3125,30003558,0,3125,MULTIPOINT (-79.35322999531871 43.66696000118076),68
137,138,7197,BROADVIEW AVE,,LANGLEY AVE,,,,3126,30003559,0,3126,MULTIPOINT (-79.35339999766971 43.667739995808745),68
138,139,7198,BROADVIEW AVE,,WITHROW AVE,,,,3127,1142063,0,3127,MULTIPOINT (-79.35321000146762 43.66971999977643),68
139,140,7199,BROOKSIDE AVE,,BURGESS AVE,,,,3128,1140538,0,3128,MULTIPOINT (-79.30544999822257 43.67904999667075),62
151,152,7217,CORLEY AVE,,GLENMOUNT PARK RD,,,,3140,1140537,0,3140,MULTIPOINT (-79.30405999969919 43.67776000247742),62
182,183,7251,GERRARD ST E,,BEACHVIEW CRES,,,,3171,1139983,0,3171,MULTIPOINT (-79.30798999389008 43.68211100164124),62
205,206,7277,MAIN ST,90m SOUTH OF,SWANWICK AVE,,,,3194,1140025,0,3194,MULTIPOINT (-79.29914000206219 43.681460003932266),62
142,143,7202,CAMBRIDGE AVE,,CHESTER HILL RD,,,,3131,14035939,0,3131,MULTIPOINT (-79.35891999702532 43.68116000052612),67
196,197,7268,JACKMAN AVE,,BUTTERNUT ST,,,JACKMAN AVE JR PS,3185,14035961,0,3185,MULTIPOINT (-79.35440000342501 43.6807899955515),67
143,144,7203,HUMBERCREST BLVD,,ST MARKS RD,,,(N/S) ST MARKS RD,3132,9499,0,3132,MULTIPOINT (-79.4926099988383 43.65965000315595),89
250,251,7328,WINDERMERE AVE,,ARDAGH ST,,,,3239,1144988,0,3239,MULTIPOINT (-79.48278000417132 43.65662000008424),89
145,146,7206,CHESTNUT ST,,ARMOURY ST,,,,3134,1144851,0,3134,MULTIPOINT (-79.3853999939838 43.653870001017054),170
146,147,7207,EDWARD ST,,CHESTNUT ST,,,,3135,1144568,0,3135,MULTIPOINT (-79.38630999650195 43.65594999724427),170
174,175,7243,EDWARD ST,,ELIZABETH ST,,,,3163,7792327,0,3163,MULTIPOINT (-79.38547999508587 43.65614600131571),170
149,150,7211,CLARENCE SQ,,WELLINGTON ST W,,,,3138,30064108,13467644,3138,MULTIPOINT (-79.39313900297434 43.644442998339855),164
159,160,7226,DAVISVILLE AVE,,CLEVELAND ST,,,,3148,14025253,0,3148,MULTIPOINT (-79.37803000282145 43.70221000382113),99
160,161,7227,DAVISVILLE AVE,,FORMAN AVE,,,,3149,1138722,0,3149,MULTIPOINT (-79.3806300053314 43.701649997613075),99
161,162,7228,DAVISVILLE AVE,,BELLE AYRE BLVD,,,,3150,30075864,0,3150,MULTIPOINT (-79.38325000594705 43.7011299993285),99
326,327,7570,MOUNT PLEASANT RD,28m SOUTH OF,BLYTHWOOD RD,,,,3315,1137998,0,3315,MULTIPOINT (-79.39403900106768 43.7175959966311),99
327,328,7571,MOUNT PLEASANT RD,26m SOUTH OF,SHELDRAKE BLVD,,,,3316,1138051,0,3316,MULTIPOINT (-79.39293100255331 43.71574100248387),99
164,165,7231,DENISON AVE,,GRANGE AVE,,,,3153,14019323,0,3153,MULTIPOINT (-79.40184999817058 43.651009995889446),78
177,178,7246,ELM ST,,MURRAY ST,,,,3166,1144427,0,3166,MULTIPOINT (-79.39046000340262 43.65616000017801),78
206,207,7278,MC CAUL ST,,ELM ST,,,,3195,14023083,0,3195,MULTIPOINT (-79.39205000247419 43.655820001430854),78
253,254,7331,BALDWIN ST,,BEVERLEY ST,,,,3242,1144653,0,3242,MULTIPOINT (-79.39465000199814 43.655799995739805),78
338,339,7585,ELM ST,,MC CAUL ST,,,,3327,14023083,14023084,3327,MULTIPOINT (-79.39202699501367 43.65569399677893),78
178,179,7247,ELM RIDGE CRCL,,OLD PARK RD,,,,3167,1138510,0,3167,MULTIPOINT (-79.43274000571098 43.703749996159274),102
224,225,7298,ROSELAWN AVE,,CALDOW RD,,,,3213,2689969,0,3213,MULTIPOINT (-79.42039999590351 43.706489996019336),102
189,190,7259,GREENWOOD AVE,,WALPOLE AVE,,,,3178,20057659,0,3178,MULTIPOINT (-79.32931999804028 43.67410999606291),65
212,213,7285,OSLER ST,,LINDNER ST,,,,3201,8321686,0,3201,MULTIPOINT (-79.4587499944144 43.668619997389996),91
240,241,7318,SYMINGTON AVE,,KINGSLEY AVE,,,,3229,9171632,0,3229,MULTIPOINT (-79.45234000515366 43.66851000169109),91
219,220,7293,REDPATH AVE,,BROADWAY AVE,,,,3208,1138229,0,3208,MULTIPOINT (-79.39386999500194 43.710599997664126),173
233,234,7308,SPRINGHURST AVE,,DUNN AVE,,,,3222,8190360,0,3222,MULTIPOINT (-79.43172000124838 43.633689999066135),85
234,235,7309,SPRINGHURST AVE,75m WEST OF,JAMESON AVE,,,,3223,14036206,0,3223,MULTIPOINT (-79.43577000359076 43.634219998612735),85
273,274,7362,LAKE SHORE BLVD W,125m EAST OF,JAMESON AVE,,,WB LAKE SHORE BLVD,3262,1147433,0,3262,MULTIPOINT (-79.43306000317193 43.63317999881614),85
274,275,7363,LAKE SHORE BLVD W,110m EAST OF,JAMESON AVE,,,EB LAKE SHORE BLVD,3263,12334613,0,3263,MULTIPOINT (-79.43292999874585 43.631899997082506),85
304,305,7408,LAKE SHORE BLVD W,,BRITISH COLUMBIA RD,,,,3293,1147551,0,3293,MULTIPOINT (-79.4288300057935 43.63127000417321),85
256,257,7336,SPADINA AVE,55m SOUTH OF,WILLCOCKS ST,,,,3245,8106356,0,3245,MULTIPOINT (-79.40132000554968 43.66079000356896),79
275,276,7364,SPADINA AVE,60m NORTH OF,COLLEGE ST,,,,3264,20006289,0,3264,MULTIPOINT (-79.40018000342508 43.65857000198618),79
346,347,7595,ST GEORGE ST,,SUSSEX AVE,,,,3335,9941737,13464290,3335,MULTIPOINT (-79.39898299425984 43.66543800077722),79
257,258,7337,ALTON TOWERS CRCL,,GOLDHAWK TRL,,,,3246,103029,0,3246,MULTIPOINT (-79.27811000071985 43.82611000315618),130
263,264,7346,DREWRY AVE,,GRANTBROOK ST,,,,3252,437698,0,3252,MULTIPOINT (-79.43371999794785 43.78351999866137),36
264,265,7347,FINCH AVE W,140m NORTH OF,ALBION RD,,,,3253,906946,0,3253,MULTIPOINT (-79.58860000613338 43.74242000271228),2
298,299,7398,FINCH AVE W,260m WEST OF,KIPLING AVE,,,,3287,906816,0,3287,MULTIPOINT (-79.58544000497359 43.74350999825972),2
265,266,7348,GALLOWAY RD,95m NORTH OF,LAWRENCE AVE E,,,,3254,108571,0,3254,MULTIPOINT (-79.19663999643912 43.767010003317914),136
266,267,7351,HIGHWAY 27 N,185m NORTH OF,ROYALCREST RD,,,NB CENTRE MEDIAN,3255,906720,0,3255,MULTIPOINT (-79.6118600046783 43.75192000310601),1
267,268,7353,HIGHWAY 27 N,40m NORTH OF,BETHRIDGE RD,,,SB CENTRE MEDIAN,3256,908139,0,3256,MULTIPOINT (-79.59148000400194 43.70851000106714),1
306,307,7410,HIGHWAY 27,270m NORTH OF,ROYALCREST RD,,,,3295,20113061,0,3295,MULTIPOINT (-79.61189000533429 43.75194000141138),1
268,269,7354,MCLEVIN AVE,,JOHN TABOR TRL,FAWCETT TRL,,,3257,104183,0,3257,MULTIPOINT (-79.20650000353967 43.808369995671434),146
269,270,7356,HARVIE AVE,,KITCHENER AVE,,,,3258,8150,0,3258,MULTIPOINT (-79.45513000102459 43.68992000390612),109
281,282,7378,CALEDONIA RD,65m SOUTH OF,SUMMIT AVE,,,,3270,14072355,0,3270,MULTIPOINT (-79.45933000134951 43.68619999622766),109
282,283,7379,CALEDONIA RD,20m NORTH OF,KEITH AVE,,,,3271,30098253,0,3271,MULTIPOINT (-79.46133000483212 43.69089999945753),109
283,284,7380,CALEDONIA RD,25m NORTH OF,SUMMIT AVE,,,,3272,8435,0,3272,MULTIPOINT (-79.4596699959977 43.68701000000911),109
271,272,7360,PRINCE EDWARD DR S,,SUNNYDALE DR,KINGSLEA GDNS,,,3260,911969,0,3260,MULTIPOINT (-79.50214000431001 43.64096000214685),16
276,277,7371,BRIAR HILL AVE,120m WEST OF,LOCKSLEY AVE,,,,3265,7318,0,3265,MULTIPOINT (-79.4504600028548 43.702900003530715),108
279,280,7375,BRIAR HILL AVE,105m EAST OF,DUFFERIN ST,,,,3268,9655788,0,3268,MULTIPOINT (-79.4508100042031 43.70267000099904),108
277,278,7372,ST PHILLIPS RD,265m SOUTH OF,WESTON RD,,,,3266,10179979,0,3266,MULTIPOINT (-79.53154999696032 43.7040100042713),8
280,281,7377,BLACKTHORN AVE,,CAMERON AVE,,,,3269,8181,0,3269,MULTIPOINT (-79.46526000507284 43.690179996411935),110
284,285,7381,CAMERON AVE,,LACEY AVE,,,,3273,30147141,13460074,3273,MULTIPOINT (-79.46876380058463 43.690273522908726),110
289,290,7386,KANE AVE,,DONALD AVE,,,,3278,8610,0,3278,MULTIPOINT (-79.4681300001737 43.68596999669629),110
287,288,7384,HUMEWOOD DR,,HUMEWOOD GARDENS,,,,3276,9278412,0,3276,MULTIPOINT (-79.42691000303769 43.68340000303619),106
288,289,7385,HUMEWOOD DR,40m SOUTH OF,WELLWOOD AVE,,,,3277,30094154,0,3277,MULTIPOINT (-79.42684000135317 43.684499999091784),106
291,292,7388,VAUGHAN RD,,GLENHOLME AVE,,,,3280,7867,0,3280,MULTIPOINT (-79.44458000240333 43.69397000034071),107
295,296,7394,DUFFERIN ST,75m SOUTH OF,GIBSON ST,,,,3284,20042488,0,3284,MULTIPOINT (-79.44777999847163 43.68971999707292),107
294,295,7393,BLACK CREEK DR,300m SOUTH OF,LAWRENCE AVE W,,,,3283,446523,0,3283,MULTIPOINT (-79.4912000057396 43.703120003778054),30
303,304,7407,CHARLES ST W,,BALMUTO ST,,,,3292,1142386,0,3292,MULTIPOINT (-79.38760799931464 43.668418004178726),169
309,310,7414,BARTONVILLE AVE E,,RAY AVE,,,,3298,8190,0,3298,MULTIPOINT (-79.49368599894284 43.68981199718584),115
310,311,7425,MILLWOOD RD,70m NORTH OF,REDWAY RD,,,CPR OVERPASS,3299,30120573,0,3299,MULTIPOINT (-79.35906999885643 43.702169999626484),55
316,317,7551,BLUE JAYS WAY,,NAVY WHARF CRT,,,,3305,30064796,0,3305,MULTIPOINT (-79.39191000614287 43.64165000431552),165
319,320,7557,FERRIS RD,,DAWES RD,,,,3308,565,0,3308,MULTIPOINT (-79.29564599492866 43.70633499627377),54
323,324,7565,KENNETH AVE,,PEMBERTON AVE,,,,3312,437812,13445926,3312,MULTIPOINT (-79.41267400445079 43.78133600242329),50
332,333,7579,GREENWOOD AVE,,STRATHMORE BLVD,,,,3321,14023229,13461205,3321,MULTIPOINT (-79.3327160031209 43.68227599594775),66
336,337,7583,FINCH AVE E,25m WEST OF,GASPE RD,,,,3325,437397,0,3325,MULTIPOINT (-79.38953299609105 43.78561400107839),52
340,341,7588,ROYAL YORK RD,80m SOUTH OF,JUDSON ST,,,,3329,7847640,0,3329,MULTIPOINT (-79.49806200383377 43.615481004311356),160
341,342,7589,ROYAL YORK RD,85m SOUTH OF,NEWCASTLE ST,,,,3330,7973940,0,3330,MULTIPOINT (-79.49859699807182 43.61671499817798),160
350,351,7599,ROYAL YORK RD,15m NORTH OF,DRUMMOND ST,,,,3339,7847513,0,3339,MULTIPOINT (-79.49719699399063 43.61325699696894),160
347,348,7596,SHEPPARD AVE E,110m WEST OF,SEELEY DR,,,,3336,30007062,0,3336,MULTIPOINT (-79.49554012630371 43.74283398028113),27
357,358,7606,MURRAY ROSS PKWY,75m EAST OF,EVELYN WIGGINS DR,COLUMBIA GT,,,3346,20149132,0,3346,MULTIPOINT (-79.4935994086021 43.766800410070026),27
348,349,7597,SHEPPARD AVE E,260m WEST OF,SEELEY DR,,,,3337,442412,0,3337,MULTIPOINT (-79.49736899986279 43.742450000153234),25
351,352,7600,ANTIBES DR,290m EAST OF,CONEFLOWER CRES,,,,3340,30118479,0,3340,MULTIPOINT (-79.44628021927643 43.78028550208487),35
352,353,7601,ANTIBES DR,125m EAST OF,CONEFLOWER CRES,,,,3341,30118475,0,3341,MULTIPOINT (-79.44816351412527 43.779752594181055),35
354,355,7603,FINCH AVE W,85m WEST OF,TORRESDALE AVE,GOLDFINCH CRT,,,3343,30092837,0,3343,MULTIPOINT (-79.4519816365871 43.77210068144918),35
353,354,7602,FINCH AVE W,130m EAST OF,WILMINGTON AVE,,,,3342,438861,0,3342,MULTIPOINT (-79.45921028675232 43.770584218327194),34
